{
  "anchors": [
    2.72,
    2.97,
    3.97,
    3.78,
    3.28,
    3.28,
    2.62,
    2.56,
    2.19,
    2.28
  ],
  "inputs": {
    "input0": [
      224,
      224,
      3
    ]
  },
  "outputs": {
    "output0": [
      7,
      7,
      60
    ]
  },
  "params_quantity": 1879116,
  "loss": [
    [
      1,
      2.3028
    ],
    [
      2,
      1.34695
    ],
    [
      3,
      0.90165
    ],
    [
      4,
      0.75493
    ],
    [
      5,
      0.58441
    ],
    [
      6,
      1.29763
    ],
    [
      7,
      0.51172
    ],
    [
      8,
      0.44638
    ],
    [
      9,
      0.33434
    ],
    [
      10,
      0.22347
    ],
    [
      11,
      0.18064
    ],
    [
      12,
      0.14928
    ],
    [
      13,
      0.12334
    ],
    [
      14,
      0.10558
    ],
    [
      15,
      0.08208
    ],
    [
      16,
      0.06787
    ],
    [
      17,
      0.05595
    ],
    [
      18,
      0.05606
    ],
    [
      19,
      0.04974
    ],
    [
      20,
      0.05087
    ],
    [
      21,
      0.0445
    ],
    [
      22,
      0.03772
    ],
    [
      23,
      0.03613
    ],
    [
      24,
      0.03082
    ],
    [
      25,
      0.02483
    ],
    [
      26,
      0.02506
    ],
    [
      27,
      0.02182
    ],
    [
      28,
      0.02036
    ],
    [
      29,
      0.01873
    ],
    [
      30,
      0.01742
    ],
    [
      31,
      0.01438
    ],
    [
      32,
      0.0141
    ],
    [
      33,
      0.01435
    ],
    [
      34,
      0.01336
    ],
    [
      35,
      0.01096
    ],
    [
      36,
      0.01015
    ],
    [
      37,
      0.01124
    ],
    [
      38,
      0.0103
    ],
    [
      39,
      0.00926
    ],
    [
      40,
      0.00869
    ],
    [
      41,
      0.00809
    ],
    [
      42,
      0.00858
    ],
    [
      43,
      0.00813
    ],
    [
      44,
      0.00724
    ],
    [
      45,
      0.00709
    ],
    [
      46,
      0.00693
    ],
    [
      47,
      0.00691
    ],
    [
      48,
      0.00664
    ],
    [
      49,
      0.0064
    ],
    [
      50,
      0.00636
    ],
    [
      51,
      0.00696
    ],
    [
      52,
      0.00601
    ],
    [
      53,
      0.00608
    ],
    [
      54,
      0.00576
    ],
    [
      55,
      0.00613
    ],
    [
      56,
      0.00529
    ],
    [
      57,
      0.00535
    ],
    [
      58,
      0.00514
    ],
    [
      59,
      0.00537
    ],
    [
      60,
      0.00539
    ],
    [
      61,
      0.00521
    ],
    [
      62,
      0.00497
    ],
    [
      63,
      0.00477
    ],
    [
      64,
      0.00483
    ],
    [
      65,
      0.00514
    ],
    [
      66,
      0.0051
    ],
    [
      67,
      0.00453
    ],
    [
      68,
      0.0043
    ],
    [
      69,
      0.00459
    ],
    [
      70,
      0.00435
    ],
    [
      71,
      0.00397
    ],
    [
      72,
      0.00358
    ],
    [
      73,
      0.00387
    ],
    [
      74,
      0.00342
    ],
    [
      75,
      0.0036
    ],
    [
      76,
      0.00387
    ],
    [
      77,
      0.00415
    ],
    [
      78,
      0.00359
    ],
    [
      79,
      0.00357
    ],
    [
      80,
      0.00358
    ],
    [
      81,
      0.00314
    ],
    [
      82,
      0.00356
    ],
    [
      83,
      0.00339
    ],
    [
      84,
      0.00415
    ],
    [
      85,
      0.00344
    ],
    [
      86,
      0.00305
    ],
    [
      87,
      0.00326
    ],
    [
      88,
      0.00342
    ],
    [
      89,
      0.00309
    ],
    [
      90,
      0.00318
    ],
    [
      91,
      0.00314
    ],
    [
      92,
      0.00308
    ],
    [
      93,
      0.00313
    ],
    [
      94,
      0.00263
    ],
    [
      95,
      0.00256
    ],
    [
      96,
      0.00255
    ],
    [
      97,
      0.00256
    ],
    [
      98,
      0.00267
    ],
    [
      99,
      0.00273
    ],
    [
      100,
      0.00305
    ]
  ],
  "acc": [
    [
      1,
      0.16225
    ],
    [
      2,
      0.24057
    ],
    [
      3,
      0.39483
    ],
    [
      4,
      0.3877
    ],
    [
      5,
      0.39593
    ],
    [
      6,
      0.27851
    ],
    [
      7,
      0.34522
    ],
    [
      8,
      0.43598
    ],
    [
      9,
      0.40159
    ],
    [
      10,
      0.39654
    ],
    [
      11,
      0.40321
    ],
    [
      12,
      0.40698
    ],
    [
      13,
      0.40663
    ],
    [
      14,
      0.3947
    ],
    [
      15,
      0.38216
    ],
    [
      16,
      0.39311
    ],
    [
      17,
      0.38428
    ],
    [
      18,
      0.39195
    ],
    [
      19,
      0.3898
    ],
    [
      20,
      0.39479
    ],
    [
      21,
      0.38165
    ],
    [
      22,
      0.37028
    ],
    [
      23,
      0.37627
    ],
    [
      24,
      0.37888
    ],
    [
      25,
      0.3704
    ],
    [
      26,
      0.37357
    ],
    [
      27,
      0.36928
    ],
    [
      28,
      0.36828
    ],
    [
      29,
      0.36356
    ],
    [
      30,
      0.37616
    ],
    [
      31,
      0.38801
    ],
    [
      32,
      0.37783
    ],
    [
      33,
      0.36443
    ],
    [
      34,
      0.36378
    ],
    [
      35,
      0.3672
    ],
    [
      36,
      0.36667
    ],
    [
      37,
      0.36929
    ],
    [
      38,
      0.38165
    ],
    [
      39,
      0.36398
    ],
    [
      40,
      0.35256
    ],
    [
      41,
      0.3643
    ],
    [
      42,
      0.3709
    ],
    [
      43,
      0.37199
    ],
    [
      44,
      0.36866
    ],
    [
      45,
      0.36834
    ],
    [
      46,
      0.37166
    ],
    [
      47,
      0.37355
    ],
    [
      48,
      0.367
    ],
    [
      49,
      0.36522
    ],
    [
      50,
      0.36921
    ],
    [
      51,
      0.37034
    ],
    [
      52,
      0.3712
    ],
    [
      53,
      0.37348
    ],
    [
      54,
      0.37171
    ],
    [
      55,
      0.36996
    ],
    [
      56,
      0.36849
    ],
    [
      57,
      0.37736
    ],
    [
      58,
      0.3704
    ],
    [
      59,
      0.36806
    ],
    [
      60,
      0.36343
    ],
    [
      61,
      0.36683
    ],
    [
      62,
      0.36636
    ],
    [
      63,
      0.36378
    ],
    [
      64,
      0.3686
    ],
    [
      65,
      0.37405
    ],
    [
      66,
      0.37456
    ],
    [
      67,
      0.37038
    ],
    [
      68,
      0.36706
    ],
    [
      69,
      0.36284
    ],
    [
      70,
      0.36736
    ],
    [
      71,
      0.37223
    ],
    [
      72,
      0.37081
    ],
    [
      73,
      0.37088
    ],
    [
      74,
      0.37232
    ],
    [
      75,
      0.3734
    ],
    [
      76,
      0.37047
    ],
    [
      77,
      0.3677
    ],
    [
      78,
      0.36652
    ],
    [
      79,
      0.36476
    ],
    [
      80,
      0.36921
    ],
    [
      81,
      0.37109
    ],
    [
      82,
      0.37377
    ],
    [
      83,
      0.3706
    ],
    [
      84,
      0.37006
    ],
    [
      85,
      0.36648
    ],
    [
      86,
      0.37063
    ],
    [
      87,
      0.3712
    ],
    [
      88,
      0.3686
    ],
    [
      89,
      0.3656
    ],
    [
      90,
      0.36342
    ],
    [
      91,
      0.3647
    ],
    [
      92,
      0.36543
    ],
    [
      93,
      0.36685
    ],
    [
      94,
      0.36746
    ],
    [
      95,
      0.36744
    ],
    [
      96,
      0.36627
    ],
    [
      97,
      0.36588
    ],
    [
      98,
      0.36599
    ],
    [
      99,
      0.36685
    ],
    [
      100,
      0.36696
    ]
  ],