{
  "inputs": {
    "input0": [
      224,
      224,
      3
    ]
  },
  "outputs": {
    "output0": [
      1,
      1,
      7
    ]
  },
  "params_quantity": 1838359,
  "loss": [
    [
      1,
      2.27468
    ],
    [
      2,
      1.99254
    ],
    [
      3,
      1.86566
    ],
    [
      4,
      1.77401
    ],
    [
      5,
      1.7541
    ],
    [
      6,
      1.72664
    ],
    [
      7,
      1.70307
    ],
    [
      8,
      1.68607
    ],
    [
      9,
      1.63884
    ],
    [
      10,
      1.63792
    ],
    [
      11,
      1.63683
    ],
    [
      12,
      1.61577
    ],
    [
      13,
      1.56019
    ],
    [
      14,
      1.55796
    ],
    [
      15,
      1.55511
    ],
    [
      16,
      1.55239
    ],
    [
      17,
      1.52975
    ],
    [
      18,
      1.51592
    ],
    [
      19,
      1.51056
    ],
    [
      20,
      1.49459
    ],
    [
      21,
      1.48508
    ],
    [
      22,
      1.45397
    ],
    [
      23,
      1.4518
    ],
    [
      24,
      1.44775
    ],
    [
      25,
      1.42817
    ],
    [
      26,
      1.41995
    ],
    [
      27,
      1.38873
    ],
    [
      28,
      1.40593
    ],
    [
      29,
      1.37652
    ],
    [
      30,
      1.3753
    ],
    [
      31,
      1.34958
    ],
    [
      32,
      1.33899
    ],
    [
      33,
      1.36758
    ],
    [
      34,
      1.35658
    ],
    [
      35,
      1.34028
    ],
    [
      36,
      1.33699
    ],
    [
      37,
      1.33068
    ],
    [
      38,
      1.30133
    ],
    [
      39,
      1.3203
    ],
    [
      40,
      1.30311
    ],
    [
      41,
      2.00164
    ],
    [
      42,
      1.87016
    ],
    [
      43,
      1.78965
    ],
    [
      44,
      1.73041
    ],
    [
      45,
      1.66385
    ],
    [
      46,
      1.62249
    ],
    [
      47,
      1.50243
    ],
    [
      48,
      1.50032
    ],
    [
      49,
      1.45095
    ],
    [
      50,
      1.39886
    ],
    [
      51,
      1.34874
    ],
    [
      52,
      1.32785
    ],
    [
      53,
      1.30644
    ],
    [
      54,
      1.28289
    ],
    [
      55,
      1.26801
    ],
    [
      56,
      1.22648
    ],
    [
      57,
      1.23818
    ],
    [
      58,
      1.13618
    ],
    [
      59,
      1.15638
    ],
    [
      60,
      1.14842
    ],
    [
      61,
      1.12141
    ],
    [
      62,
      1.10949
    ],
    [
      63,
      1.07032
    ],
    [
      64,
      1.06591
    ],
    [
      65,
      1.05544
    ],
    [
      66,
      1.04392
    ],
    [
      67,
      1.03173
    ],
    [
      68,
      1.02604
    ],
    [
      69,
      1.00328
    ],
    [
      70,
      1.01986
    ],
    [
      71,
      0.96726
    ],
    [
      72,
      0.97326
    ],
    [
      73,
      0.97587
    ],
    [
      74,
      0.96605
    ],
    [
      75,
      0.9305
    ],
    [
      76,
      0.91849
    ],
    [
      77,
      0.91443
    ],
    [
      78,
      0.93706
    ],
    [
      79,
      0.94009
    ],
    [
      80,
      0.90051
    ],
    [
      81,
      0.87885
    ],
    [
      82,
      0.88928
    ],
    [
      83,
      0.88074
    ],
    [
      84,
      0.89675
    ],
    [
      85,
      0.85042
    ],
    [
      86,
      0.89552
    ],
    [
      87,
      0.86357
    ],
    [
      88,
      0.85895
    ],
    [
      89,
      0.84786
    ],
    [
      90,
      0.83073
    ],
    [
      91,
      0.82494
    ],
    [
      92,
      0.84153
    ],
    [
      93,
      0.79879
    ],
    [
      94,
      0.82799
    ],
    [
      95,
      0.81685
    ],
    [
      96,
      0.83356
    ],
    [
      97,
      0.77914
    ],
    [
      98,
      0.7953
    ],
    [
      99,
      0.81779
    ],
    [
      100,
      0.79548
    ]
  ],
  "acc": [
    [
      1,
      0.14921
    ],
    [
      2,
      0.25079
    ],
    [
      3,
      0.29524
    ],
    [
      4,
      0.31429
    ],
    [
      5,
      0.33651
    ],
    [
      6,
      0.34286
    ],
    [
      7,
      0.39365
    ],
    [
      8,
      0.40317
    ],
    [
      9,
      0.43175
    ],
    [
      10,
      0.44127
    ],
    [
      11,
      0.42222
    ],
    [
      12,
      0.45079
    ],
    [
      13,
      0.55873
    ],
    [
      14,
      0.51429
    ],
    [
      15,
      0.48889
    ],
    [
      16,
      0.52381
    ],
    [
      17,
      0.52063
    ],
    [
      18,
      0.55556
    ],
    [
      19,
      0.53968
    ],
    [
      20,
      0.56825
    ],
    [
      21,
      0.59048
    ],
    [
      22,
      0.6254
    ],
    [
      23,
      0.6254
    ],
    [
      24,
      0.60635
    ],
    [
      25,
      0.6381
    ],
    [
      26,
      0.63175
    ],
    [
      27,
      0.65397
    ],
    [
      28,
      0.61905
    ],
    [
      29,
      0.66349
    ],
    [
      30,
      0.66349
    ],
    [
      31,
      0.69524
    ],
    [
      32,
      0.70159
    ],
    [
      33,
      0.66032
    ],
    [
      34,
      0.68571
    ],
    [
      35,
      0.66984
    ],
    [
      36,
      0.70159
    ],
    [
      37,
      0.70476
    ],
    [
      38,
      0.68571
    ],
    [
      39,
      0.69841
    ],
    [
      40,
      0.70159
    ],
    [
      41,
      0.20317
    ],
    [
      42,
      0.25079
    ],
    [
      43,
      0.29524
    ],
    [
      44,
      0.30476
    ],
    [
      45,
      0.41587
    ],
    [
      46,
      0.4254
    ],
    [
      47,
      0.52698
    ],
    [
      48,
      0.49841
    ],
    [
      49,
      0.52698
    ],
    [
      50,
      0.59683
    ],
    [
      51,
      0.66984
    ],
    [
      52,
      0.62857
    ],
    [
      53,
      0.68571
    ],
    [
      54,
      0.67619
    ],
    [
      55,
      0.69524
    ],
    [
      56,
      0.68571
    ],
    [
      57,
      0.68571
    ],
    [
      58,
      0.75556
    ],
    [
      59,
      0.73968
    ],
    [
      60,
      0.72698
    ],
    [
      61,
      0.73651
    ],
    [
      62,
      0.76508
    ],
    [
      63,
      0.7619
    ],
    [
      64,
      0.78413
    ],
    [
      65,
      0.79048
    ],
    [
      66,
      0.79365
    ],
    [
      67,
      0.79365
    ],
    [
      68,
      0.7873
    ],
    [
      69,
      0.7746
    ],
    [
      70,
      0.7746
    ],
    [
      71,
      0.81905
    ],
    [
      72,
      0.80317
    ],
    [
      73,
      0.79683
    ],
    [
      74,
      0.81905
    ],
    [
      75,
      0.8381
    ],
    [
      76,
      0.80317
    ],
    [
      77,
      0.82857
    ],
    [
      78,
      0.7873
    ],
    [
      79,
      0.7746
    ],
    [
      80,
      0.81587
    ],
    [
      81,
      0.8254
    ],
    [
      82,
      0.8254
    ],
    [
      83,
      0.8381
    ],
    [
      84,
      0.79683
    ],
    [
      85,
      0.83175
    ],
    [
      86,
      0.80952
    ],
    [
      87,
      0.83492
    ],
    [
      88,
      0.81587
    ],
    [
      89,
      0.8381
    ],
    [
      90,
      0.82857
    ],
    [
      91,
      0.87302
    ],
    [
      92,
      0.83492
    ],
    [
      93,
      0.88254
    ],
    [
      94,
      0.84127
    ],
    [
      95,
      0.85079
    ],
    [
      96,
      0.81587
    ],
    [
      97,
      0.87302
    ],
    [
      98,
      0.87302
    ],
    [
      99,
      0.83175
    ],
    [
      100,
      0.8127
    ]
  ],